[
 {
  "tutorial": {
    "title": "iOS 101",
    "day": "1"
  }
 },
 {
  "tutorial": {
    "title": "Intents and You",
    "day": "3"
  }
 },
 {
  "tutorial": {
    "title": "Custom Shaders",
    "day": "5"
  }
 },
 {
  "tutorial": {
    "title": "Advanced NSDate",
    "day": "2"
  }
 },
 {
  "tutorial": {
    "title": "Error Handling",
    "day": "4"
  }
 },
 {
  "tutorial": {
    "title": "Side Scrolling Fun",
    "day": "1"
  }
 },
 {
  "tutorial": {
    "title": "Custom View Controller Transitions",
    "day": "3"
  }
 },
 {
  "tutorial": {
    "title": "Property Observers",
    "day": "nil"
  }
 },
 {
  "tutorial": {
    "title": "Using Table Views",
    "day": "nil"
  }
 },
  {
  "tutorial": {
    "title": "Pattern Matching",
    "day": "nil"
  }
 }
]